<?xml version="1.0" encoding="UTF-8"?>
<project-private xmlns="http://www.netbeans.org/ns/project-private/1">
    <editor-bookmarks xmlns="http://www.netbeans.org/ns/editor-bookmarks/2" lastBookmarkId="0"/>
    <open-files xmlns="http://www.netbeans.org/ns/projectui-open-files/2">
        <group>
            <file>file:/C:/myprojectjava/Atividade3Contabil/src/br/com/atividade3/model/Ipi.java</file>
            <file>file:/C:/myprojectjava/Atividade3Contabil/src/br/com/atividade3/model/Pagamentos.java</file>
            <file>file:/C:/myprojectjava/Atividade3Contabil/src/br/com/atividade3/model/Pis.java</file>
            <file>file:/C:/myprojectjava/Atividade3Contabil/src/Main.java</file>
            <file>file:/C:/myprojectjava/Atividade3Contabil/src/br/com/atividade3/model/Imposto.java</file>
        </group>
    </open-files>
</project-private>
